"id","parentId","name","size","importance","notes","excluded","Backlog","Design","Implement","Accept","Complete"
"622","0","feature ","3","5",,"true","2011-05-24","2011-06-15","2011-06-15","2011-06-30",
"634","0","ttttttttttttt","0","0",,"false","2011-06-14","2011-06-14","2011-06-15",,
"647","0","1111","0","0",,"false","2011-06-15","2011-06-15","2011-06-15","2011-06-15",
"5","0","Feature 5","5","1",,"false","2011-01-06","2011-01-08","2011-01-11","2011-06-15",
"1","0","Feature 1","1","1","notes for feature 1","false","2011-01-01","2011-05-17","2011-05-24","2011-05-24",
"628","1","aaaaa","0","0",,"false","2011-06-02",,,,
"626","0","rrrrrr","0","0",,"false","2011-05-27","2011-06-14",,,
"6","0","Feature 6","8","1",,"false","2011-01-08","2011-01-09","2011-01-12","2011-01-15",
"620","0","feature 4","2","0",,"true","2011-05-24","2011-06-15","2011-06-15","2011-06-15","2011-06-15"
"4","0","Feature 51212","3","2",,"false","2011-01-02","2011-01-07","2011-01-10",,
"7","0","Feature 7","13","3",,"false","2011-01-08","2011-01-10","2011-01-13","2011-01-18","2011-01-20"
"3","0","Feature 3","2","2",,"true","2011-01-02","2011-01-06","2011-01-09","2011-06-15","2011-06-15"
"629","3","bbbbbbbbbbb","0","0",,"false","2011-06-02",,,,
"609","0","Test testet este te tawetawetr awlet awet lawke tlaj etl DFA SDF ADF","0","8",,"false","2011-05-20","2011-05-24",,,
"610","0","second feature","2","0",,"false","2011-05-20","2011-05-24",,,
"611","0","New feature ","4","0","adaf","false","2011-05-20","2011-05-24",,,
"612","0","New feature ahjajajja ","9","10",,"false","2011-05-20","2011-05-20",,,
"619","0","feature 3222qqd","0","0",,"false","2011-05-24","2011-06-15",,,
"633","0","asdfasdfasdfasdfasdf","0","0",,"true","2011-06-02","2011-06-02",,,
"625","0","ddd222","0","0",,"false","2011-05-26","2011-06-15",,,
"649","0","45245245","0","0",,"false","2011-06-15",,,,
"654","0","zxfsdfg sgf sdfg sdgf ","0","0",,"false","2011-06-15",,,,
"632","0","wwwwwwwwwwwwwwwwwwww  ","0","0",,"false","2011-06-02","2011-06-30",,,
"635","0","feature name","0","0",,"false","2011-06-15",,,,
"643","0","7777777777","0","0",,"false","2011-06-15",,,,
"650","0","ghsghdgh","0","0",,"false","2011-06-15",,,,
"621","0","feature feature feature feature feature ","0","0",,"true","2011-05-24",,,,
"638","0","2","0","0",,"false","2011-06-15",,,,
"644","0","88888888888888","0","0",,"false","2011-06-15",,,,
"617","0","ddddd","0","0",,"false","2011-05-24","2011-06-30",,,
"624","0","new feature 333","0","0",,"false","2011-05-24",,,,
"657","0","gasdgadgasdgadg","0","0",,"false","2011-06-15",,,,
"648","0","22222","0","0",,"false","2011-06-15",,,,
"639","0","3","0","0",,"false","2011-06-15",,,,
"636","0","adfasdfasdfasdf","0","0",,"false","2011-06-15",,,,
"631","0","ddddd","5","5",,"false","2011-06-02",,,,
"651","0","dfghdfghdfgh","0","0",,"false","2011-06-15",,,,
"618","0","new feature","0","0",,"false","2011-05-24",,,,
"655","0","sdfgsd fg ","0","0",,"false","2011-06-15",,,,
"641","0","55555555","0","0",,"false","2011-06-15",,,,
"645","0","test","0","0",,"false","2011-06-15",,,,
"640","0","asdf asdf asdf asdf asdf asdf asdf asdf asdf asdf asdf asdf asdf asdf","0","0",,"false","2011-06-15",,,,
"652","0","dfghdfghdfghdfghdfgh","0","0",,"false","2011-06-15",,,,
"656","0","asdfasdfasdf","0","0",,"false","2011-06-15",,,,
"653","0","etyj tyu dyd rghdfghdf ghdf ghd fgh dfghd ghd fghd fgh dgh dgh dgh ","0","0",,"false","2011-06-15",,,,
"623","0","feature aaaa","0","0",,"false","2011-05-24",,,,
"637","0","asdf","0","0",,"false","2011-06-15",,,,
"642","0","66666666666","0","0",,"false","2011-06-15",,,,
"646","0","1111111111111000000000","0","0",,"false","2011-06-15",,,,
